lon,lat,label,sensor_id,min_time,max_time,temp,humid,pm1,pm25,pm10
53.402174,-2.989634,Strand Albert Dock,70b3d549927b8c65,2021-03-05 13:30:48,2022-09-30 10:25:37,0,0,0,0,0
53.402436,-2.989633,Strand Chavasse Park,70b3d54994bcb5c3,2021-03-05 14:27:07,2022-09-30 10:25:37,0,0,0,0,0
53.41065,-2.9847,LJMU Henry Cotton,f008d1cb8d70,2021-11-02 18:17:59,2025-04-04 13:35:52,0,0,0,0,0
53.40878,-2.98398,Old Haymarket,f008d1cb9af0,2021-10-21 17:57:38,2025-04-04 13:41:20,0,0,0,0,0
53.4073,-2.98228,Williamson Sq.,f008d1cbc690,2021-03-19 18:56:06,2024-05-10 12:10:43,0,0,0,0,0
53.4053,-2.96438,UoL Maths Building,f008d1cbc6b8,2021-03-19 17:42:41,2024-03-28 11:58:43,0,0,0,0,0
53.40777,-2.98273,Queens Square,f008d1cbc8f8,2021-03-17 15:34:26,2024-03-28 11:58:43,0,0,0,0,0
53.40144,-2.96502,Roxby Building,f008d1cbce64,2021-10-21 19:10:38,2025-04-04 13:44:59,0,0,0,0,0
53.45355,-2.99147,Regenerus,f008d1cbcec8,2022-02-07 15:50:49,2025-04-04 13:28:51,0,0,0,0,0
53.40413,-2.97904,Liverpool Central station,f008d1cbcecc,2021-10-27 16:18:25,2025-04-04 12:45:34,0,0,0,0,0
53.37622,-2.95428,St Michaels station,f008d1cbcfd4,2021-10-27 17:29:14,2024-09-26 16:07:24,0,0,0,0,0
53.38313,-2.97618,Brunswick station,f008d1cbd028,2021-10-27 16:28:07,2025-04-04 12:44:46,0,0,0,0,0
53.3515,-2.88686,Garston,f008d1cbd07c,2021-11-04 17:14:28,2025-03-13 17:08:07,0,0,0,0,0
53.39918,-2.9223,Wavertree RELOVED,f008d1cbd13c,2021-10-27 17:04:49,2024-09-26 15:49:06,0,0,0,0,0
53.40541,-2.97141,St Nicholas Catholic Primary School,f008d1cbdea4,2021-10-21 17:48:55,2025-04-04 13:34:55,0,0,0,0,0
53.43118,-2.97279,Everton Valley,f008d1cbdef0,2021-11-04 17:09:02,2025-03-13 17:08:36,0,0,0,0,0
53.39054,-2.9208,Winchfield Road,f008d1cbec8c,2021-11-04 17:22:37,2024-05-08 13:37:58,0,0,0,0,0
53.43275,-2.95459,Anfield,f008d1cbfef4,2021-11-04 16:52:21,2025-04-04 12:44:32,0,0,0,0,0
53.40692,-2.96291,Life Sciences Building,f008d1cc02a4,2021-10-21 19:03:31,2025-04-04 13:38:47,0,0,0,0,0
53.4397,-2.98279,Kirkdale station,f008d1cc04ec,2021-10-27 17:15:28,2025-04-04 13:27:26,0,0,0,0,0
53.45565,-2.99796,All Saints Primary,f008d1cc1110,2021-10-27 16:53:15,2025-03-01 13:03:11,0,0,0,0,0
53.40089,-2.99453,Liverpool Tate,f008d1cc11c4,2021-10-27 16:43:55,2024-05-08 12:15:35,0,0,0,0,0
53.34634,-2.84434,Speke DEFRA,f008d1ccc974,2021-10-27 17:24:40,2024-09-26 15:46:02,0,0,0,0,0
53.36409,-2.92558,Aigburth station,f008d1ccdf18,0000-00-00 00:00:00,2025-04-04 13:21:18,0,0,0,0,0
53.4075,-2.9089,Old Swan,f008d1ccdf20,2021-11-04 16:58:51,2025-03-13 17:02:22,0,0,0,0,0
53.38522,-2.95712,Belvedere Academy,f008d1cbc6cc,2022-03-02 18:57:58,2024-07-10 11:02:07,0,0,0,0,0
53.37875,-2.96377,Dingle Rd,f008d1ccc0c4,2021-03-19 19:58:39,2025-04-04 13:20:32,0,0,0,0,0
53.451742,-2.993371,Bootle Shopping Centre,f008d1cc6928,2022-04-06 11:47:42,2025-04-04 13:36:57,0,0,0,0,0
53.452963,-2.993633,Bootle Bus Station,f008d1ccc208,2022-04-06 11:09:47,2025-04-04 13:39:40,0,0,0,0,0
53.40089,-2.99453,Liverpool Tate,f008d1cc0c20,2021-10-27 16:43:55,2025-04-04 13:16:36,0,0,0,0,0
53.44333563504097,-3.0016182753672793,Alexandra Dock,f008d1cccde4,2022-05-06 16:12:45,2025-04-04 13:16:49,0,0,0,0,0
53.43196075525223,-2.990768372957624,The Climbing Hangar Sandhills,f008d1cc6f1c,2022-05-06 16:21:56,2025-04-04 13:17:36,0,0,0,0,0
53.418302714979724,-2.999864196618489,Invisible Wind Factory,f008d1cbd4d8,2022-05-06 16:30:44,2025-04-04 12:03:00,0,0,0,0,0
53.41718558197838,-2.9782101115738446,St Annes St (Kingsway tunnel),f008d1cbc694,2022-07-28 09:13:04,2025-04-04 13:16:48,0,0,0,0,0
53.4246089231899,-2.954247770328582,Belmont Rd,f008d1cbc5dc,2022-07-28 09:38:15,2025-04-04 13:20:38,0,0,0,0,0
53.41758087345246,-2.9443001161037707,St Francis Academy,f008d1ccc158,2022-07-28 09:58:36,2025-04-04 02:49:42,0,0,0,0,0
53.40307329316595,-2.9394591122086,Picton Rd,f008d1ccc1d8,2022-07-28 10:15:20,2025-04-04 13:19:51,0,0,0,0,0
53.38890325843534,-2.9434601632781376,Croxteth Rd,f008d1cbdc04,0000-00-00 00:00:00,2025-04-04 03:57:17,0,0,0,0,0
53.39879399588971,-2.9509763877052286,Smithdown Ln,f008d1ccc15c,2021-08-12 09:40:01,2025-04-04 03:13:36,0,0,0,0,0
53.39391596575848,-2.9826535516203734,Queens Dock,f008d1ccc1f0,2023-01-16 13:45:46,2025-04-04 13:19:31,0,0,0,0,0
53.4217171,-2.9665883,Heyworth Street (Everton),f008d1cbc62c,2023-08-01 00:20:00,2025-04-04 13:38:04,0,0,0,0,0
53.4352616,-3.0007039,Regent Rd (Bankfield St),f008d1cbc66c,2023-08-01 00:24:50,2025-04-04 13:16:07,0,0,0,0,0
53.4388631,-2.9688021,Spellow Ln (Goodison Park),f008d1cccd9c,2023-08-01 01:08:55,2025-04-04 13:38:36,0,0,0,0,0
53.4238151,-2.946697,West Derby Road,f008d1cccd88,2023-08-01 00:18:45,2025-01-11 11:09:17,0,0,0,0,0
53.4029232,-2.8729787,Childwall Valley Rd,f008d1cc40dc,2023-08-01 00:18:29,2024-09-26 16:02:15,0,0,0,0,0
53.4435155,-2.9672864,County Rd,f008d1cbc5a0,2023-08-09 12:34:58,2025-04-04 13:25:27,0,0,0,0,0
53.4195392284359,-2.88225861177063,10A Prescot Road (Dovecot),3933383534373238,2023-12-24 00:00:00,2025-04-04 13:15:00,0,0,0,0,0
53.4140156373532,-2.93504953982964,10A Prescot Road (Newsham Park),3933383535393439,2023-12-24 00:00:00,2025-04-04 13:15:00,0,0,0,0,0
53.4121629236496,-2.94928918620612,10A Kensington (Grantham St),3933383535393536,2023-12-24 00:00:00,2025-04-04 13:30:00,0,0,0,0,0
53.4082279081731,-2.98143810173873,10A St Johns Ln,3933383534313831,2023-12-24 00:00:00,2025-04-04 13:30:00,0,0,0,0,0
53.4051692102174,-2.99038677542501,10A James Street,3933383534373130,2023-12-24 00:00:00,2025-04-04 13:40:00,0,0,0,0,0
53.4017883184429,-2.98903329571716,10A Liverpool One Bus Station,3933383536303533,2023-12-24 00:00:00,2025-04-04 13:40:00,0,0,0,0,0
53.4165740932686,-2.90136209747794,10A Prescot Road (Alder Hey),3933383534323732,2023-12-24 00:00:00,2025-04-04 13:30:00,0,0,0,0,0
53.4154417902286,-2.92018859677134,10A Prescot Road (Green Ln),3933383535313437,2023-12-24 00:00:00,2025-04-04 13:20:00,0,0,0,0,0
53.4106220541086,-2.96549292192078,10A Prescot St (Royal Hospital),3933383535323935,2023-12-24 00:00:00,2025-04-04 13:30:00,0,0,0,0,0
53.4093773676293,-2.97657602438504,10A London Rd (Fraser St),3933383534343437,2023-12-24 00:00:00,2025-04-04 13:30:00,0,0,0,0,0
53.400349,-2.90233,LCC001-Meadway,3933383535333934,2024-03-13 19:00:00,2025-04-04 13:30:00,0,0,0,0,0
53.40065,-2.900857,LCC002-Christ the King School,3933383536353930,2024-03-13 20:10:00,2025-04-04 13:30:00,0,0,0,0,0
53.401002,-2.901165,LCC003-Fieldway,3933383534343534,2024-03-13 21:10:00,2025-04-04 13:30:00,0,0,0,0,0
53.41461,-2.923826,LCC004-Church St (North),3933383535363931,2024-03-14 17:00:00,2025-04-04 13:30:00,0,0,0,0,0
53.413763,-2.923823,LCC005-St Cuthberts School,3933383535323436,2024-03-13 23:40:00,2025-04-04 13:15:00,0,0,0,0,0
53.412478,-2.924017,LCC006-Church Street (South),3933383534383237,2024-03-14 06:30:00,2025-04-04 13:30:00,0,0,0,0,0
53.427781,-2.953177,25/07/24 A,3933383535333033,2024-07-29 14:55:00,2025-04-04 13:20:00,0,0,0,0,0
53.429905,-2.903029,25/07/24 B,3933383536313532,2024-07-29 15:25:00,2025-04-04 13:40:00,0,0,0,0,0
53.429224,-2.902758,25/07/24 C,3933383535353031,2024-07-29 17:30:00,2025-04-04 13:30:00,0,0,0,0,0
53.388553,-2.837671,25/07/24 D,3933383536353832,2024-07-30 12:05:00,2025-04-04 13:40:00,0,0,0,0,0
53.376923,-2.862866,29/07/24 E,3933383535313339,2024-07-30 12:55:00,2025-04-04 13:30:00,0,0,0,0,0
53.360144,-2.904816,LCC012-Gilmour Primary,3933383536333834,2024-09-24 23:45:00,2025-04-04 13:40:00,0,0,0,0,0
